payment_id,date,retailer_id,amount,payment_method
RPAY-0001,2024-05-15,RET-001,363584.06,UPI
RPAY-0002,2024-06-14,RET-001,191437.73,NEFT
RPAY-0003,2024-07-16,RET-001,216068.12,NEFT
RPAY-0004,2024-08-17,RET-001,526782.95,NEFT
RPAY-0005,2024-09-17,RET-001,288073.74,NEFT
RPAY-0006,2024-10-17,RET-001,414329.45,UPI
RPAY-0007,2024-11-16,RET-001,518154.8,NEFT
RPAY-0008,2024-12-15,RET-001,484476.72,UPI
RPAY-0009,2025-01-17,RET-001,645336.16,Bank Transfer
RPAY-0010,2025-02-17,RET-001,516330.46,Bank Transfer
RPAY-0011,2025-03-17,RET-001,526913.96,Bank Transfer
RPAY-0012,2024-06-30,RET-002,213427.58,Bank Transfer
RPAY-0013,2024-08-01,RET-002,396402.48,UPI
RPAY-0014,2024-08-31,RET-002,234279.03,UPI
RPAY-0015,2024-09-29,RET-002,217983.75,Bank Transfer
RPAY-0016,2024-11-01,RET-002,240506.04,UPI
RPAY-0017,2024-11-30,RET-002,538299.74,Bank Transfer
RPAY-0018,2025-01-01,RET-002,589169.55,NEFT
RPAY-0019,2025-01-29,RET-002,658424.88,UPI
RPAY-0020,2025-03-02,RET-002,614623.37,UPI
RPAY-0021,2024-05-31,RET-003,493863.5,UPI
RPAY-0022,2024-07-02,RET-003,526783.14,NEFT
RPAY-0023,2024-08-01,RET-003,339836.79,NEFT
RPAY-0024,2024-08-31,RET-003,366155.83,NEFT
RPAY-0025,2024-10-01,RET-003,427139.92,UPI
RPAY-0026,2024-11-01,RET-003,350525.44,Bank Transfer
RPAY-0027,2024-12-02,RET-003,519789.43,NEFT
RPAY-0028,2024-12-31,RET-003,954725.39,Bank Transfer
RPAY-0029,2025-02-01,RET-003,971030.96,Bank Transfer
RPAY-0030,2025-03-04,RET-003,566256.97,UPI
RPAY-0031,2024-06-16,RET-004,318341.27,Bank Transfer
RPAY-0032,2024-07-17,RET-004,439871.23,UPI
RPAY-0033,2024-08-15,RET-004,282167.52,UPI
RPAY-0034,2024-09-15,RET-004,171200.54,NEFT
RPAY-0035,2024-10-17,RET-004,406006.07,NEFT
RPAY-0036,2024-11-11,RET-004,211324.02,Bank Transfer
RPAY-0037,2024-12-17,RET-004,437843.14,UPI
RPAY-0038,2025-01-16,RET-004,496235.53,NEFT
RPAY-0039,2025-02-16,RET-004,767897.55,Bank Transfer
RPAY-0040,2025-03-19,RET-004,650255.8,Bank Transfer
RPAY-0041,2024-06-01,RET-005,271964.72,UPI
RPAY-0042,2024-06-29,RET-005,313403.45,Bank Transfer
RPAY-0043,2024-07-31,RET-005,338351.66,NEFT
RPAY-0044,2024-09-01,RET-005,333329.93,NEFT
RPAY-0045,2024-10-01,RET-005,449425.13,UPI
RPAY-0046,2024-10-30,RET-005,447220.99,UPI
RPAY-0047,2024-12-02,RET-005,630455.95,NEFT
RPAY-0048,2024-12-30,RET-005,809503.97,UPI
RPAY-0049,2025-02-01,RET-005,1219320.13,NEFT
RPAY-0050,2025-03-04,RET-005,620250.33,NEFT
RPAY-0051,2024-06-01,RET-006,314466.58,UPI
RPAY-0052,2024-06-29,RET-006,334729.02,Bank Transfer
RPAY-0053,2024-08-01,RET-006,440247.1,NEFT
RPAY-0054,2024-09-01,RET-006,442192.74,Bank Transfer
RPAY-0055,2024-10-02,RET-006,426987.59,Bank Transfer
RPAY-0056,2024-11-01,RET-006,403833.02,NEFT
RPAY-0057,2024-12-02,RET-006,507699.01,Bank Transfer
RPAY-0058,2024-12-31,RET-006,516883.4,Bank Transfer
RPAY-0059,2025-01-31,RET-006,681302.85,NEFT
RPAY-0060,2025-03-03,RET-006,417579.58,NEFT
RPAY-0061,2025-03-31,RET-006,338498.22,UPI
RPAY-0062,2024-07-01,RET-007,391886.47,NEFT
RPAY-0063,2024-08-01,RET-007,517439.24,Bank Transfer
RPAY-0064,2024-08-31,RET-007,368758.19,NEFT
RPAY-0065,2024-10-01,RET-007,256302.49,Bank Transfer
RPAY-0066,2024-11-01,RET-007,311386.03,UPI
RPAY-0067,2024-11-29,RET-007,470035.59,NEFT
RPAY-0068,2025-01-01,RET-007,554009.97,UPI
RPAY-0069,2025-01-31,RET-007,760321.24,NEFT
RPAY-0070,2025-03-02,RET-007,885657.18,NEFT
RPAY-0071,2024-05-17,RET-008,338310.79,NEFT
RPAY-0072,2024-06-16,RET-008,523113.61,NEFT
RPAY-0073,2024-07-16,RET-008,403999.28,Bank Transfer
RPAY-0074,2024-08-13,RET-008,352413.55,UPI
RPAY-0075,2024-09-17,RET-008,447226.15,UPI
RPAY-0076,2024-10-17,RET-008,384343.81,NEFT
RPAY-0077,2024-11-17,RET-008,598359.37,UPI
RPAY-0078,2024-12-17,RET-008,344735.91,NEFT
RPAY-0079,2025-01-16,RET-008,600828.66,UPI
RPAY-0080,2025-02-17,RET-008,524916.78,UPI
RPAY-0081,2025-03-17,RET-008,553709.53,Bank Transfer
RPAY-0082,2024-07-02,RET-009,296609.05,UPI
RPAY-0083,2024-08-02,RET-009,366658.12,NEFT
RPAY-0084,2024-08-31,RET-009,357964.43,NEFT
RPAY-0085,2024-10-02,RET-009,137288.13,UPI
RPAY-0086,2024-11-01,RET-009,249357.21,NEFT
RPAY-0087,2024-12-02,RET-009,291225.28,Bank Transfer
RPAY-0088,2025-01-02,RET-009,316792.3,UPI
RPAY-0089,2025-02-01,RET-009,681716.23,Bank Transfer
RPAY-0090,2025-03-04,RET-009,534570.65,Bank Transfer
RPAY-0091,2024-06-13,RET-010,339931.97,NEFT
RPAY-0092,2024-07-17,RET-010,627465.4,NEFT
RPAY-0093,2024-08-16,RET-010,375284.75,UPI
RPAY-0094,2024-09-14,RET-010,390052.46,Bank Transfer
RPAY-0095,2024-10-17,RET-010,436088.03,UPI
RPAY-0096,2024-11-16,RET-010,453191.65,Bank Transfer
RPAY-0097,2024-12-17,RET-010,799297.66,NEFT
RPAY-0098,2025-01-14,RET-010,392763.87,NEFT
RPAY-0099,2025-02-16,RET-010,709815.83,NEFT
RPAY-0100,2025-03-17,RET-010,524114.07,UPI
RPAY-0101,2024-05-29,RET-011,364805.45,Bank Transfer
RPAY-0102,2024-06-30,RET-011,432565.1,UPI
RPAY-0103,2024-07-28,RET-011,346334.7,NEFT
RPAY-0104,2024-08-30,RET-011,268479.3,Bank Transfer
RPAY-0105,2024-09-30,RET-011,400034.72,Bank Transfer
RPAY-0106,2024-10-30,RET-011,518995.76,NEFT
RPAY-0107,2024-11-29,RET-011,406296.22,NEFT
RPAY-0108,2024-12-30,RET-011,1160706.65,UPI
RPAY-0109,2025-01-30,RET-011,886658.68,NEFT
RPAY-0110,2025-03-01,RET-011,679718.47,NEFT
RPAY-0111,2025-03-30,RET-011,285798.3,UPI
RPAY-0112,2024-05-31,RET-012,244879.88,Bank Transfer
RPAY-0113,2024-07-01,RET-012,430046.58,Bank Transfer
RPAY-0114,2024-07-31,RET-012,383926.29,NEFT
RPAY-0115,2024-08-30,RET-012,418277.21,UPI
RPAY-0116,2024-10-01,RET-012,261820.31,UPI
RPAY-0117,2024-11-01,RET-012,257599.19,Bank Transfer
RPAY-0118,2024-12-02,RET-012,646270.76,NEFT
RPAY-0119,2024-12-31,RET-012,567041.8,NEFT
RPAY-0120,2025-02-01,RET-012,675941.94,UPI
RPAY-0121,2025-03-03,RET-012,610960.8,UPI
RPAY-0122,2024-06-29,RET-013,349620.85,UPI
RPAY-0123,2024-07-31,RET-013,272202.86,UPI
RPAY-0124,2024-08-31,RET-013,309115.12,NEFT
RPAY-0125,2024-09-30,RET-013,287814.25,Bank Transfer
RPAY-0126,2024-11-01,RET-013,422620.27,Bank Transfer
RPAY-0127,2024-11-30,RET-013,360568.57,Bank Transfer
RPAY-0128,2025-01-01,RET-013,319095.39,UPI
RPAY-0129,2025-01-31,RET-013,707780.74,Bank Transfer
RPAY-0130,2025-03-02,RET-013,782507.46,UPI
RPAY-0131,2025-03-31,RET-013,467283.05,Bank Transfer
RPAY-0132,2025-03-31,RET-013,475812.06,UPI
RPAY-0133,2025-03-31,RET-013,224515.2,UPI
RPAY-0134,2024-07-01,RET-014,447370.78,Bank Transfer
RPAY-0135,2024-07-31,RET-014,419288.08,Bank Transfer
RPAY-0136,2024-08-30,RET-014,397052.51,UPI
RPAY-0137,2024-10-01,RET-014,403424.92,Bank Transfer
RPAY-0138,2024-10-26,RET-014,182261.98,Bank Transfer
RPAY-0139,2024-11-30,RET-014,608604.86,Bank Transfer
RPAY-0140,2025-01-01,RET-014,439797.82,UPI
RPAY-0141,2025-01-28,RET-014,549973.76,NEFT
RPAY-0142,2025-02-28,RET-014,663168.43,UPI
RPAY-0143,2024-06-28,RET-015,340030.7,NEFT
RPAY-0144,2024-07-30,RET-015,527344.39,UPI
RPAY-0145,2024-08-31,RET-015,267168.15,Bank Transfer
RPAY-0146,2024-10-01,RET-015,406459.35,UPI
RPAY-0147,2024-11-01,RET-015,419640.36,UPI
RPAY-0148,2024-12-01,RET-015,359525.26,UPI
RPAY-0149,2024-12-31,RET-015,433350.6,UPI
RPAY-0150,2025-01-30,RET-015,698892.5,UPI
RPAY-0151,2025-03-02,RET-015,903282.07,UPI
RPAY-0152,2024-05-14,RET-016,214740.25,UPI
RPAY-0153,2024-06-13,RET-016,416258.23,NEFT
RPAY-0154,2024-07-17,RET-016,163231.39,Bank Transfer
RPAY-0155,2024-08-16,RET-016,471939.57,NEFT
RPAY-0156,2024-09-16,RET-016,417145.56,UPI
RPAY-0157,2024-10-14,RET-016,523729.22,Bank Transfer
RPAY-0158,2024-11-15,RET-016,657620.98,Bank Transfer
RPAY-0159,2024-12-17,RET-016,399838.94,NEFT
RPAY-0160,2025-01-14,RET-016,505750.46,NEFT
RPAY-0161,2025-02-15,RET-016,753255.22,NEFT
RPAY-0162,2025-03-17,RET-016,355194.51,UPI
RPAY-0163,2024-07-28,RET-017,176187.09,NEFT
RPAY-0164,2024-08-27,RET-017,115409.54,UPI
RPAY-0165,2024-09-26,RET-017,218551.76,Bank Transfer
RPAY-0166,2024-10-29,RET-017,149613.32,NEFT
RPAY-0167,2024-11-29,RET-017,313807.82,Bank Transfer
RPAY-0168,2024-12-28,RET-017,273072.65,NEFT
RPAY-0169,2025-01-27,RET-017,158559.65,UPI
RPAY-0170,2025-02-24,RET-017,356389.78,NEFT
RPAY-0171,2025-03-31,RET-017,469735.72,Bank Transfer
RPAY-0172,2024-06-02,RET-018,192857.26,NEFT
RPAY-0173,2024-07-02,RET-018,214299.78,NEFT
RPAY-0174,2024-08-02,RET-018,348702.53,NEFT
RPAY-0175,2024-09-01,RET-018,305955.68,NEFT
RPAY-0176,2024-10-03,RET-018,417094.38,UPI
RPAY-0177,2024-11-02,RET-018,406289.32,UPI
RPAY-0178,2024-12-02,RET-018,346144.62,NEFT
RPAY-0179,2025-01-02,RET-018,480444.09,Bank Transfer
RPAY-0180,2025-02-02,RET-018,714544.97,UPI
RPAY-0181,2025-03-04,RET-018,308668.43,Bank Transfer
RPAY-0182,2024-05-17,RET-019,376636.41,Bank Transfer
RPAY-0183,2024-06-12,RET-019,286329.49,NEFT
RPAY-0184,2024-07-17,RET-019,393138.33,NEFT
RPAY-0185,2024-08-16,RET-019,321110.39,UPI
RPAY-0186,2024-09-16,RET-019,317148.67,Bank Transfer
RPAY-0187,2024-10-16,RET-019,275986.18,UPI
RPAY-0188,2024-11-16,RET-019,586982.35,UPI
RPAY-0189,2024-12-17,RET-019,680738.41,Bank Transfer
RPAY-0190,2025-01-14,RET-019,468982.07,UPI
RPAY-0191,2025-02-17,RET-019,534779.14,UPI
RPAY-0192,2025-03-16,RET-019,463306.35,UPI
RPAY-0193,2024-06-28,RET-020,269927.76,NEFT
RPAY-0194,2024-07-31,RET-020,362530.97,NEFT
RPAY-0195,2024-08-31,RET-020,283709.4,NEFT
RPAY-0196,2024-09-28,RET-020,285981.6,Bank Transfer
RPAY-0197,2024-11-01,RET-020,278676.55,UPI
RPAY-0198,2024-12-01,RET-020,596869.98,NEFT
RPAY-0199,2024-12-30,RET-020,413257.89,UPI
RPAY-0200,2025-01-31,RET-020,404069.46,NEFT
RPAY-0201,2025-02-28,RET-020,442485.79,UPI
RPAY-0202,2024-06-30,RET-021,336943.05,Bank Transfer
RPAY-0203,2024-07-31,RET-021,375158.83,Bank Transfer
RPAY-0204,2024-08-30,RET-021,339144.41,Bank Transfer
RPAY-0205,2024-09-30,RET-021,319428.96,UPI
RPAY-0206,2024-10-29,RET-021,257403.21,UPI
RPAY-0207,2024-12-01,RET-021,388317.49,Bank Transfer
RPAY-0208,2024-12-31,RET-021,423487.32,UPI
RPAY-0209,2025-01-31,RET-021,617901.87,NEFT
RPAY-0210,2025-02-28,RET-021,755052.19,UPI
RPAY-0211,2024-05-30,RET-022,165409.37,UPI
RPAY-0212,2024-06-30,RET-022,414566.8,UPI
RPAY-0213,2024-07-30,RET-022,446937.87,UPI
RPAY-0214,2024-08-30,RET-022,380858.43,NEFT
RPAY-0215,2024-09-30,RET-022,476173.43,NEFT
RPAY-0216,2024-10-28,RET-022,497721.91,UPI
RPAY-0217,2024-11-28,RET-022,597773.43,NEFT
RPAY-0218,2024-12-30,RET-022,649496.66,Bank Transfer
RPAY-0219,2025-01-30,RET-022,709034.76,NEFT
RPAY-0220,2025-03-02,RET-022,770153.37,UPI
RPAY-0221,2025-03-29,RET-022,260842.9,Bank Transfer
RPAY-0222,2024-06-16,RET-023,486331.34,UPI
RPAY-0223,2024-07-17,RET-023,430499.81,UPI
RPAY-0224,2024-08-16,RET-023,341800.1,NEFT
RPAY-0225,2024-09-16,RET-023,269784.28,Bank Transfer
RPAY-0226,2024-10-17,RET-023,386742.73,NEFT
RPAY-0227,2024-11-13,RET-023,510722.9,Bank Transfer
RPAY-0228,2024-12-16,RET-023,533295.27,Bank Transfer
RPAY-0229,2025-01-14,RET-023,917414.8,NEFT
RPAY-0230,2025-02-15,RET-023,710715.96,NEFT
RPAY-0231,2025-03-17,RET-023,626960.24,UPI
RPAY-0232,2024-05-17,RET-024,413562.99,Bank Transfer
RPAY-0233,2024-06-16,RET-024,409201.78,UPI
RPAY-0234,2024-07-17,RET-024,307628.85,Bank Transfer
RPAY-0235,2024-08-17,RET-024,228717.0,Bank Transfer
RPAY-0236,2024-09-17,RET-024,435397.85,Bank Transfer
RPAY-0237,2024-10-16,RET-024,412035.71,Bank Transfer
RPAY-0238,2024-11-16,RET-024,558174.59,UPI
RPAY-0239,2024-12-17,RET-024,561391.69,Bank Transfer
RPAY-0240,2025-01-17,RET-024,519022.9,NEFT
RPAY-0241,2025-02-17,RET-024,433277.27,NEFT
RPAY-0242,2025-03-16,RET-024,353650.89,NEFT
RPAY-0243,2024-06-01,RET-025,300287.18,Bank Transfer
RPAY-0244,2024-07-02,RET-025,324084.98,NEFT
RPAY-0245,2024-07-30,RET-025,336727.46,NEFT
RPAY-0246,2024-09-01,RET-025,489926.08,NEFT
RPAY-0247,2024-09-30,RET-025,481280.46,Bank Transfer
RPAY-0248,2024-10-30,RET-025,405953.04,Bank Transfer
RPAY-0249,2024-12-02,RET-025,535161.11,Bank Transfer
RPAY-0250,2025-01-01,RET-025,663764.88,Bank Transfer
RPAY-0251,2025-01-29,RET-025,429769.27,UPI
RPAY-0252,2025-03-04,RET-025,672436.52,Bank Transfer
RPAY-0253,2025-03-31,RET-025,592709.71,Bank Transfer
RPAY-0254,2024-06-29,RET-026,457371.86,UPI
RPAY-0255,2024-08-01,RET-026,321464.44,Bank Transfer
RPAY-0256,2024-08-30,RET-026,369646.15,Bank Transfer
RPAY-0257,2024-09-30,RET-026,474867.74,Bank Transfer
RPAY-0258,2024-11-01,RET-026,368661.41,UPI
RPAY-0259,2024-12-01,RET-026,366054.15,Bank Transfer
RPAY-0260,2024-12-31,RET-026,528124.43,Bank Transfer
RPAY-0261,2025-01-30,RET-026,722213.12,NEFT
RPAY-0262,2025-03-03,RET-026,851346.33,UPI
RPAY-0263,2025-03-31,RET-026,365412.33,Bank Transfer
RPAY-0264,2025-03-31,RET-026,689802.74,UPI
RPAY-0265,2025-03-31,RET-026,738389.62,Bank Transfer
RPAY-0266,2024-07-02,RET-027,242448.92,NEFT
RPAY-0267,2024-08-02,RET-027,331631.53,UPI
RPAY-0268,2024-09-01,RET-027,345949.32,Bank Transfer
RPAY-0269,2024-10-01,RET-027,133855.65,NEFT
RPAY-0270,2024-11-02,RET-027,265604.28,UPI
RPAY-0271,2024-12-02,RET-027,300884.74,Bank Transfer
RPAY-0272,2025-01-02,RET-027,391010.59,NEFT
RPAY-0273,2025-01-31,RET-027,612225.4,NEFT
RPAY-0274,2025-03-04,RET-027,662791.88,NEFT
RPAY-0275,2024-06-30,RET-028,367698.1,Bank Transfer
RPAY-0276,2024-08-01,RET-028,292096.69,NEFT
RPAY-0277,2024-08-31,RET-028,274072.21,UPI
RPAY-0278,2024-10-01,RET-028,310528.08,Bank Transfer
RPAY-0279,2024-11-01,RET-028,350362.15,UPI
RPAY-0280,2024-12-01,RET-028,370289.18,NEFT
RPAY-0281,2025-01-01,RET-028,487312.85,UPI
RPAY-0282,2025-01-31,RET-028,572122.23,NEFT
RPAY-0283,2025-03-02,RET-028,581681.88,Bank Transfer
RPAY-0284,2024-05-11,RET-029,314365.6,NEFT
RPAY-0285,2024-06-17,RET-029,357151.59,NEFT
RPAY-0286,2024-07-15,RET-029,469456.77,UPI
RPAY-0287,2024-08-13,RET-029,351834.62,NEFT
RPAY-0288,2024-09-17,RET-029,468988.32,Bank Transfer
RPAY-0289,2024-10-16,RET-029,300822.38,NEFT
RPAY-0290,2024-11-15,RET-029,466390.14,UPI
RPAY-0291,2024-12-17,RET-029,708779.65,Bank Transfer
RPAY-0292,2025-01-17,RET-029,780188.05,UPI
RPAY-0293,2025-02-14,RET-029,567977.79,Bank Transfer
RPAY-0294,2025-03-16,RET-029,433297.2,UPI
RPAY-0295,2024-05-16,RET-030,555514.67,NEFT
RPAY-0296,2024-06-16,RET-030,402825.6,Bank Transfer
RPAY-0297,2024-07-17,RET-030,375766.25,NEFT
RPAY-0298,2024-08-17,RET-030,512745.31,Bank Transfer
RPAY-0299,2024-09-17,RET-030,445626.33,NEFT
RPAY-0300,2024-10-17,RET-030,378093.8,NEFT
RPAY-0301,2024-11-16,RET-030,573608.16,UPI
RPAY-0302,2024-12-16,RET-030,482982.53,Bank Transfer
RPAY-0303,2025-01-17,RET-030,768158.45,Bank Transfer
RPAY-0304,2025-02-15,RET-030,537931.85,Bank Transfer
RPAY-0305,2025-03-17,RET-030,378138.66,UPI
RPAY-0306,2024-06-01,RET-031,373535.27,Bank Transfer
RPAY-0307,2024-07-01,RET-031,358908.95,Bank Transfer
RPAY-0308,2024-08-01,RET-031,339840.61,Bank Transfer
RPAY-0309,2024-08-30,RET-031,361110.69,NEFT
RPAY-0310,2024-10-02,RET-031,367782.64,UPI
RPAY-0311,2024-11-01,RET-031,411054.05,NEFT
RPAY-0312,2024-12-02,RET-031,521775.74,NEFT
RPAY-0313,2025-01-01,RET-031,771723.82,Bank Transfer
RPAY-0314,2025-01-29,RET-031,679506.22,Bank Transfer
RPAY-0315,2025-03-04,RET-031,492492.21,UPI
RPAY-0316,2024-06-01,RET-032,349417.34,NEFT
RPAY-0317,2024-07-02,RET-032,425810.35,NEFT
RPAY-0318,2024-08-01,RET-032,291585.69,Bank Transfer
RPAY-0319,2024-08-31,RET-032,337059.06,Bank Transfer
RPAY-0320,2024-09-30,RET-032,240838.84,NEFT
RPAY-0321,2024-10-31,RET-032,458704.44,NEFT
RPAY-0322,2024-12-02,RET-032,356671.83,Bank Transfer
RPAY-0323,2025-01-01,RET-032,711907.09,NEFT
RPAY-0324,2025-01-31,RET-032,677947.74,NEFT
RPAY-0325,2025-03-02,RET-032,253224.16,UPI
RPAY-0326,2024-05-30,RET-033,304663.29,UPI
RPAY-0327,2024-06-29,RET-033,396757.47,UPI
RPAY-0328,2024-07-30,RET-033,335636.64,NEFT
RPAY-0329,2024-08-30,RET-033,412164.87,Bank Transfer
RPAY-0330,2024-09-28,RET-033,392929.24,Bank Transfer
RPAY-0331,2024-10-28,RET-033,372448.57,Bank Transfer
RPAY-0332,2024-11-30,RET-033,670841.72,UPI
RPAY-0333,2024-12-30,RET-033,638331.55,UPI
RPAY-0334,2025-01-29,RET-033,778012.46,NEFT
RPAY-0335,2025-03-02,RET-033,901599.59,NEFT
RPAY-0336,2025-03-30,RET-033,496465.74,Bank Transfer
RPAY-0337,2024-09-11,RET-034,130027.07,Bank Transfer
RPAY-0338,2024-10-13,RET-034,177275.98,Bank Transfer
RPAY-0339,2024-11-12,RET-034,342161.85,NEFT
RPAY-0340,2024-12-12,RET-034,148675.23,NEFT
RPAY-0341,2025-01-13,RET-034,187911.83,Bank Transfer
RPAY-0342,2025-02-10,RET-034,287751.26,UPI
RPAY-0343,2025-03-15,RET-034,304375.98,UPI
RPAY-0344,2024-05-31,RET-035,334265.59,NEFT
RPAY-0345,2024-07-02,RET-035,440675.74,NEFT
RPAY-0346,2024-08-01,RET-035,277889.58,UPI
RPAY-0347,2024-09-01,RET-035,298664.82,UPI
RPAY-0348,2024-10-02,RET-035,400444.79,UPI
RPAY-0349,2024-10-29,RET-035,321904.27,UPI
RPAY-0350,2024-12-01,RET-035,464751.68,UPI
RPAY-0351,2025-01-01,RET-035,751951.6,Bank Transfer
RPAY-0352,2025-01-26,RET-035,468374.74,UPI
RPAY-0353,2025-03-04,RET-035,494602.04,Bank Transfer
RPAY-0354,2025-03-30,RET-035,397405.07,NEFT
RPAY-0355,2024-07-17,RET-036,310363.32,UPI
RPAY-0356,2024-08-17,RET-036,327479.22,Bank Transfer
RPAY-0357,2024-09-13,RET-036,276251.22,UPI
RPAY-0358,2024-10-17,RET-036,382963.8,UPI
RPAY-0359,2024-11-14,RET-036,374367.32,Bank Transfer
RPAY-0360,2024-12-17,RET-036,378534.89,Bank Transfer
RPAY-0361,2025-01-17,RET-036,465194.08,Bank Transfer
RPAY-0362,2025-02-15,RET-036,487441.93,UPI
RPAY-0363,2025-03-19,RET-036,672869.68,Bank Transfer
RPAY-0364,2024-06-01,RET-037,462953.52,UPI
RPAY-0365,2024-07-02,RET-037,319144.61,Bank Transfer
RPAY-0366,2024-08-01,RET-037,483321.53,Bank Transfer
RPAY-0367,2024-08-30,RET-037,340273.78,Bank Transfer
RPAY-0368,2024-10-02,RET-037,211230.37,UPI
RPAY-0369,2024-10-29,RET-037,292109.94,UPI
RPAY-0370,2024-11-29,RET-037,467378.8,Bank Transfer
RPAY-0371,2024-12-29,RET-037,528435.78,Bank Transfer
RPAY-0372,2025-02-01,RET-037,834050.71,NEFT
RPAY-0373,2025-03-01,RET-037,471494.87,Bank Transfer
RPAY-0374,2024-06-16,RET-038,257772.5,UPI
RPAY-0375,2024-07-15,RET-038,493965.99,UPI
RPAY-0376,2024-08-16,RET-038,270095.78,Bank Transfer
RPAY-0377,2024-09-16,RET-038,220332.21,Bank Transfer
RPAY-0378,2024-10-17,RET-038,496715.15,UPI
RPAY-0379,2024-11-16,RET-038,460562.24,NEFT
RPAY-0380,2024-12-17,RET-038,363936.43,UPI
RPAY-0381,2025-01-12,RET-038,651828.71,NEFT
RPAY-0382,2025-02-15,RET-038,678508.59,Bank Transfer
RPAY-0383,2025-03-19,RET-038,523723.25,NEFT
RPAY-0384,2024-07-01,RET-039,283713.55,UPI
RPAY-0385,2024-08-01,RET-039,369469.07,Bank Transfer
RPAY-0386,2024-08-31,RET-039,244389.68,UPI
RPAY-0387,2024-10-01,RET-039,265060.09,Bank Transfer
RPAY-0388,2024-11-01,RET-039,208469.94,UPI
RPAY-0389,2024-11-30,RET-039,619313.1,NEFT
RPAY-0390,2024-12-31,RET-039,774170.78,NEFT
RPAY-0391,2025-01-27,RET-039,431905.34,Bank Transfer
RPAY-0392,2025-03-03,RET-039,812322.33,NEFT
RPAY-0393,2025-03-31,RET-039,528851.42,Bank Transfer
RPAY-0394,2025-03-31,RET-039,601859.67,UPI
RPAY-0395,2025-03-31,RET-039,556023.91,NEFT
RPAY-0396,2024-05-17,RET-040,178330.84,NEFT
RPAY-0397,2024-06-16,RET-040,184739.62,UPI
RPAY-0398,2024-07-12,RET-040,394874.77,Bank Transfer
RPAY-0399,2024-08-16,RET-040,439730.7,Bank Transfer
RPAY-0400,2024-09-17,RET-040,403316.84,NEFT
RPAY-0401,2024-10-17,RET-040,431599.76,NEFT
RPAY-0402,2024-11-16,RET-040,648329.83,NEFT
RPAY-0403,2024-12-17,RET-040,639745.84,NEFT
RPAY-0404,2025-01-17,RET-040,734095.28,NEFT
RPAY-0405,2025-02-16,RET-040,730738.26,Bank Transfer
RPAY-0406,2025-03-17,RET-040,560526.98,NEFT
RPAY-0407,2024-07-01,RET-041,636668.94,Bank Transfer
RPAY-0408,2024-07-30,RET-041,202613.96,Bank Transfer
RPAY-0409,2024-08-29,RET-041,432714.8,NEFT
RPAY-0410,2024-09-30,RET-041,363220.48,Bank Transfer
RPAY-0411,2024-10-31,RET-041,352808.58,NEFT
RPAY-0412,2024-12-01,RET-041,513577.14,NEFT
RPAY-0413,2025-01-01,RET-041,510379.63,UPI
RPAY-0414,2025-01-29,RET-041,442188.67,NEFT
RPAY-0415,2025-03-03,RET-041,796678.9,Bank Transfer
RPAY-0416,2024-05-17,RET-042,308659.36,Bank Transfer
RPAY-0417,2024-06-16,RET-042,454355.05,Bank Transfer
RPAY-0418,2024-07-17,RET-042,589972.2,UPI
RPAY-0419,2024-08-15,RET-042,339657.22,NEFT
RPAY-0420,2024-09-15,RET-042,246947.46,UPI
RPAY-0421,2024-10-15,RET-042,257762.35,Bank Transfer
RPAY-0422,2024-11-12,RET-042,472169.19,Bank Transfer
RPAY-0423,2024-12-17,RET-042,578940.0,Bank Transfer
RPAY-0424,2025-01-17,RET-042,626088.22,NEFT
RPAY-0425,2025-02-17,RET-042,466882.52,Bank Transfer
RPAY-0426,2025-03-16,RET-042,669439.62,NEFT
RPAY-0427,2024-05-17,RET-043,221921.43,Bank Transfer
RPAY-0428,2024-06-17,RET-043,346597.33,NEFT
RPAY-0429,2024-07-12,RET-043,240347.96,UPI
RPAY-0430,2024-08-17,RET-043,373504.57,UPI
RPAY-0431,2024-09-16,RET-043,402558.15,UPI
RPAY-0432,2024-10-17,RET-043,686843.63,Bank Transfer
RPAY-0433,2024-11-15,RET-043,591916.39,Bank Transfer
RPAY-0434,2024-12-17,RET-043,519227.44,NEFT
RPAY-0435,2025-01-17,RET-043,1092637.96,UPI
RPAY-0436,2025-02-17,RET-043,607551.29,Bank Transfer
RPAY-0437,2025-03-16,RET-043,627722.47,NEFT
RPAY-0438,2024-05-30,RET-044,197361.74,UPI
RPAY-0439,2024-06-30,RET-044,290243.74,Bank Transfer
RPAY-0440,2024-07-29,RET-044,247858.74,Bank Transfer
RPAY-0441,2024-08-30,RET-044,346644.72,NEFT
RPAY-0442,2024-09-30,RET-044,511482.22,UPI
RPAY-0443,2024-10-30,RET-044,400485.49,UPI
RPAY-0444,2024-11-30,RET-044,369665.82,UPI
RPAY-0445,2024-12-27,RET-044,542629.06,UPI
RPAY-0446,2025-01-30,RET-044,1004904.35,Bank Transfer
RPAY-0447,2025-03-02,RET-044,591478.05,Bank Transfer
RPAY-0448,2025-03-29,RET-044,433319.33,Bank Transfer
RPAY-0449,2024-06-17,RET-045,213509.2,NEFT
RPAY-0450,2024-07-16,RET-045,526091.66,Bank Transfer
RPAY-0451,2024-08-17,RET-045,220608.44,NEFT
RPAY-0452,2024-09-17,RET-045,343791.49,UPI
RPAY-0453,2024-10-17,RET-045,428567.74,Bank Transfer
RPAY-0454,2024-11-17,RET-045,501221.14,Bank Transfer
RPAY-0455,2024-12-14,RET-045,322980.48,UPI
RPAY-0456,2025-01-16,RET-045,452584.27,Bank Transfer
RPAY-0457,2025-02-16,RET-045,758508.85,NEFT
RPAY-0458,2025-03-20,RET-045,395628.07,Bank Transfer
RPAY-0459,2024-05-17,RET-046,197732.34,NEFT
RPAY-0460,2024-06-17,RET-046,508397.83,Bank Transfer
RPAY-0461,2024-07-15,RET-046,365952.38,UPI
RPAY-0462,2024-08-14,RET-046,321866.41,UPI
RPAY-0463,2024-09-16,RET-046,544135.04,Bank Transfer
RPAY-0464,2024-10-15,RET-046,230427.83,NEFT
RPAY-0465,2024-11-17,RET-046,425823.73,Bank Transfer
RPAY-0466,2024-12-16,RET-046,605279.72,UPI
RPAY-0467,2025-01-15,RET-046,823538.33,NEFT
RPAY-0468,2025-02-15,RET-046,475004.89,NEFT
RPAY-0469,2025-03-17,RET-046,415171.97,Bank Transfer
RPAY-0470,2024-05-17,RET-047,411802.34,UPI
RPAY-0471,2024-06-14,RET-047,569625.16,UPI
RPAY-0472,2024-07-15,RET-047,410189.68,NEFT
RPAY-0473,2024-08-17,RET-047,528930.17,NEFT
RPAY-0474,2024-09-15,RET-047,382530.08,NEFT
RPAY-0475,2024-10-17,RET-047,461503.5,NEFT
RPAY-0476,2024-11-16,RET-047,583212.09,Bank Transfer
RPAY-0477,2024-12-17,RET-047,976210.2,NEFT
RPAY-0478,2025-01-15,RET-047,517857.69,NEFT
RPAY-0479,2025-02-17,RET-047,461325.3,UPI
RPAY-0480,2025-03-16,RET-047,610307.44,UPI
RPAY-0481,2024-06-16,RET-048,423210.04,UPI
RPAY-0482,2024-07-17,RET-048,449305.38,Bank Transfer
RPAY-0483,2024-08-16,RET-048,422793.82,Bank Transfer
RPAY-0484,2024-09-12,RET-048,275285.39,Bank Transfer
RPAY-0485,2024-10-17,RET-048,241016.38,NEFT
RPAY-0486,2024-11-15,RET-048,576419.37,Bank Transfer
RPAY-0487,2024-12-17,RET-048,492757.29,Bank Transfer
RPAY-0488,2025-01-16,RET-048,490104.73,UPI
RPAY-0489,2025-02-10,RET-048,771551.24,NEFT
RPAY-0490,2025-03-19,RET-048,917257.12,Bank Transfer
RPAY-0491,2024-07-01,RET-049,257311.4,Bank Transfer
RPAY-0492,2024-08-01,RET-049,363641.32,UPI
RPAY-0493,2024-08-31,RET-049,297660.26,UPI
RPAY-0494,2024-10-01,RET-049,505105.1,NEFT
RPAY-0495,2024-11-01,RET-049,306784.78,NEFT
RPAY-0496,2024-12-01,RET-049,368963.09,UPI
RPAY-0497,2025-01-01,RET-049,580355.55,NEFT
RPAY-0498,2025-01-31,RET-049,533051.16,Bank Transfer
RPAY-0499,2025-03-03,RET-049,658282.69,Bank Transfer
RPAY-0500,2025-03-29,RET-049,493674.65,NEFT
RPAY-0501,2024-05-14,RET-050,286153.81,UPI
RPAY-0502,2024-06-17,RET-050,439287.2,UPI
RPAY-0503,2024-07-17,RET-050,336585.85,NEFT
RPAY-0504,2024-08-16,RET-050,281055.61,UPI
RPAY-0505,2024-09-17,RET-050,469801.08,NEFT
RPAY-0506,2024-10-17,RET-050,426860.75,Bank Transfer
RPAY-0507,2024-11-17,RET-050,288928.68,Bank Transfer
RPAY-0508,2024-12-17,RET-050,843345.94,UPI
RPAY-0509,2025-01-16,RET-050,779791.35,UPI
RPAY-0510,2025-02-17,RET-050,480188.96,Bank Transfer
RPAY-0511,2025-03-16,RET-050,373973.2,NEFT
RPAY-0512,2024-08-13,RET-051,206648.54,UPI
RPAY-0513,2024-09-12,RET-051,294025.48,NEFT
RPAY-0514,2024-10-13,RET-051,250550.89,Bank Transfer
RPAY-0515,2024-11-12,RET-051,292601.52,Bank Transfer
RPAY-0516,2024-12-11,RET-051,174002.61,UPI
RPAY-0517,2025-01-12,RET-051,224116.46,UPI
RPAY-0518,2025-02-10,RET-051,267721.66,UPI
RPAY-0519,2025-03-14,RET-051,261747.81,NEFT
RPAY-0520,2024-06-28,RET-052,383074.79,UPI
RPAY-0521,2024-08-01,RET-052,463567.3,UPI
RPAY-0522,2024-08-27,RET-052,390257.98,UPI
RPAY-0523,2024-10-01,RET-052,414160.74,NEFT
RPAY-0524,2024-10-31,RET-052,230890.06,NEFT
RPAY-0525,2024-12-01,RET-052,537637.89,Bank Transfer
RPAY-0526,2025-01-01,RET-052,662799.6,Bank Transfer
RPAY-0527,2025-01-31,RET-052,543618.26,Bank Transfer
RPAY-0528,2025-03-03,RET-052,815580.27,UPI
RPAY-0529,2025-03-31,RET-052,780633.62,Bank Transfer
RPAY-0530,2025-03-31,RET-052,339748.15,Bank Transfer
RPAY-0531,2025-03-31,RET-052,373541.1,UPI
RPAY-0532,2024-07-01,RET-053,333544.34,NEFT
RPAY-0533,2024-08-01,RET-053,396290.14,UPI
RPAY-0534,2024-08-25,RET-053,394874.79,UPI
RPAY-0535,2024-10-01,RET-053,345118.18,Bank Transfer
RPAY-0536,2024-11-01,RET-053,442375.66,Bank Transfer
RPAY-0537,2024-12-01,RET-053,572998.17,NEFT
RPAY-0538,2025-01-01,RET-053,461856.67,UPI
RPAY-0539,2025-01-31,RET-053,672069.14,UPI
RPAY-0540,2025-03-01,RET-053,753023.26,Bank Transfer
RPAY-0541,2024-07-01,RET-054,290082.15,Bank Transfer
RPAY-0542,2024-08-02,RET-054,185924.82,NEFT
RPAY-0543,2024-09-01,RET-054,279074.74,Bank Transfer
RPAY-0544,2024-10-02,RET-054,271026.2,UPI
RPAY-0545,2024-10-29,RET-054,270018.31,UPI
RPAY-0546,2024-12-02,RET-054,277646.56,NEFT
RPAY-0547,2025-01-01,RET-054,409084.56,UPI
RPAY-0548,2025-01-31,RET-054,545525.34,UPI
RPAY-0549,2025-03-04,RET-054,548471.92,NEFT
RPAY-0550,2024-05-30,RET-055,282968.31,NEFT
RPAY-0551,2024-06-29,RET-055,351044.61,NEFT
RPAY-0552,2024-07-28,RET-055,205730.37,Bank Transfer
RPAY-0553,2024-08-30,RET-055,190894.64,UPI
RPAY-0554,2024-09-27,RET-055,418819.97,NEFT
RPAY-0555,2024-10-26,RET-055,309966.39,NEFT
RPAY-0556,2024-11-30,RET-055,388082.96,UPI
RPAY-0557,2024-12-29,RET-055,619965.2,NEFT
RPAY-0558,2025-01-30,RET-055,1392690.79,Bank Transfer
RPAY-0559,2025-03-02,RET-055,459424.94,UPI
RPAY-0560,2025-03-30,RET-055,526874.34,Bank Transfer
RPAY-0561,2024-06-16,RET-056,295736.03,Bank Transfer
RPAY-0562,2024-07-16,RET-056,438051.38,Bank Transfer
RPAY-0563,2024-08-15,RET-056,311869.84,NEFT
RPAY-0564,2024-09-16,RET-056,375631.01,Bank Transfer
RPAY-0565,2024-10-17,RET-056,353055.9,Bank Transfer
RPAY-0566,2024-11-16,RET-056,537621.92,NEFT
RPAY-0567,2024-12-17,RET-056,516621.25,NEFT
RPAY-0568,2025-01-15,RET-056,548417.13,Bank Transfer
RPAY-0569,2025-02-15,RET-056,629505.35,Bank Transfer
RPAY-0570,2025-03-18,RET-056,366012.43,Bank Transfer
RPAY-0571,2024-05-31,RET-057,416086.74,Bank Transfer
RPAY-0572,2024-07-02,RET-057,301263.77,NEFT
RPAY-0573,2024-07-31,RET-057,329588.81,NEFT
RPAY-0574,2024-09-01,RET-057,199240.01,Bank Transfer
RPAY-0575,2024-09-30,RET-057,552511.3,UPI
RPAY-0576,2024-11-01,RET-057,532933.36,UPI
RPAY-0577,2024-11-30,RET-057,705182.53,NEFT
RPAY-0578,2024-12-31,RET-057,936887.83,Bank Transfer
RPAY-0579,2025-01-30,RET-057,608592.99,UPI
RPAY-0580,2025-03-02,RET-057,760942.24,UPI
RPAY-0581,2025-03-30,RET-057,438471.01,NEFT
RPAY-0582,2024-05-16,RET-058,376333.75,UPI
RPAY-0583,2024-06-16,RET-058,223411.59,NEFT
RPAY-0584,2024-07-17,RET-058,337076.51,Bank Transfer
RPAY-0585,2024-08-17,RET-058,410558.26,Bank Transfer
RPAY-0586,2024-09-16,RET-058,423216.04,UPI
RPAY-0587,2024-10-17,RET-058,568324.48,Bank Transfer
RPAY-0588,2024-11-15,RET-058,296382.9,NEFT
RPAY-0589,2024-12-17,RET-058,621450.11,Bank Transfer
RPAY-0590,2025-01-17,RET-058,691108.27,Bank Transfer
RPAY-0591,2025-02-13,RET-058,494362.04,NEFT
RPAY-0592,2025-03-15,RET-058,422801.4,UPI
RPAY-0593,2024-07-01,RET-059,363461.23,UPI
RPAY-0594,2024-07-31,RET-059,270188.89,UPI
RPAY-0595,2024-08-30,RET-059,337490.92,UPI
RPAY-0596,2024-10-01,RET-059,380326.02,NEFT
RPAY-0597,2024-11-01,RET-059,321962.48,NEFT
RPAY-0598,2024-12-01,RET-059,453634.84,UPI
RPAY-0599,2024-12-31,RET-059,434696.78,NEFT
RPAY-0600,2025-01-29,RET-059,863254.9,UPI
RPAY-0601,2025-03-02,RET-059,1028194.64,UPI
RPAY-0602,2024-07-01,RET-060,464022.41,UPI
RPAY-0603,2024-08-01,RET-060,282784.56,Bank Transfer
RPAY-0604,2024-08-30,RET-060,370785.48,NEFT
RPAY-0605,2024-09-28,RET-060,336675.07,Bank Transfer
RPAY-0606,2024-11-01,RET-060,414061.69,NEFT
RPAY-0607,2024-12-01,RET-060,532802.7,Bank Transfer
RPAY-0608,2025-01-01,RET-060,557802.39,Bank Transfer
RPAY-0609,2025-01-30,RET-060,955226.8,Bank Transfer
RPAY-0610,2025-03-02,RET-060,891201.53,Bank Transfer
